Country,Exports,Imports,GDP,Inflation,Interest Rate,Forex Reserves,BOT
CN,3513236885527.07,3127201616050.71,17794783039552.0,0.234836828893051,4.96128802760332,3449544415518.98,386035269476.35986
IN,779446235323.272,858839501091.307,3567551674623.01,5.64914318907925,,627792750126.715,-79393265768.03503
RU,466604779915.476,378926011232.614,2021421476035.42,,4.24838463209547,597217063819.197,87678768682.862
BR,393656923982.556,342214686307.41,2173665655937.27,4.59356282283204,37.2075093316886,355021395541.562,51442237675.14606
ZA,124696245269.168,123443903852.979,380699271814.508,6.0739085322053,6.3887935898176,62491675820.3129,1252341416.1889954
