Country,Exports,Imports,GDP,Inflation,Interest Rate,Forex Reserves,BOT,SBC_Weight,BRICS_Currency_Value,Exchange_Rate_BC
CN,3513.2368855270697,3127.20161605071,17794.783039552,0.234836828893051,4.96128802760332,3449544415518.98,386.03526947635964,0.6860474958314954,0.7009304269320457,1.4266751186376287
IN,779.4462353232719,858.839501091307,3567.5516746230096,5.64914318907925,13.201493895301248,627792750126.715,-79.39326576803512,0.13754086729714868,0.1344799954087429,7.436050224128632
RU,466.604779915476,378.92601123261403,2021.42147603542,4.13786284325241,4.24838463209547,597217063819.197,87.67876868286197,0.07793245574119789,0.08131276105645621,12.298192645379372
BR,393.656923982556,342.21468630741,2173.66565593727,4.59356282283204,37.2075093316886,355021395541.562,51.44223767514603,0.08380197031434176,0.08578523800906782,11.657017258543904
ZA,124.696245269168,123.443903852979,380.699271814508,6.0739085322053,6.3887935898176,62491675820.3129,1.2523414161889974,0.014677210815816296,0.014725492702175508,67.9094425039009
